Workbook

Sheet OPERAÇÕES
A1: INÍCIO | B1: FIM | C1: OPERAÇÃO | D1: HOTEL | E1: STATUS | F1: % PRONTO | G1: VOUCHER ATÉ | H1: ALERTA | I1: Conferência de cadastro | J1: Ficha técnica solicitada | K1: Ficha técnica respondida | L1: Mapa de quartos conferido | M1: Cardápio recebido | N1: Hosp. de equipe antes | O1: Casos da saúde | P1: Room list liberado | Q1: Template comissão | R1: Logística dos transportes | S1: Cadastro dos transportes | T1: Voucher | U1: Envio das listas de transp. | V1: Manutenção room list | W1: Rooming PRFs | X1: Rooming extras | Y1: Enviado para o hotel | Z1: No show | AA1: Fechamento
A2: 46294 | B2: 46297 | C2: ALEXÂNIA | D2: TAUÁ ALEXÂNIA | E2: =IF(F2=1,"Concluída",IF(T2=TRUE,IF(TODAY()>B2,"Pós-viagem","Voucher enviado"),IF(TODAY()>B2,"Atrasada","Em preparação"))) -> Em preparação | F2: =SUMPRODUCT(--(I2:AA2=TRUE))/19 -> 0 | G2: =A2-7 -> 46287 | H2: =IF(T2=TRUE,"",IF(TODAY()>G2,"VOUCHER ATRASADO",IF(TODAY()>=G2-7,"Voucher em "&(G2-TODAY())&" dias",""))) | I2: FALSE | J2: FALSE | K2: FALSE | L2: FALSE | M2: FALSE | N2: FALSE | O2: FALSE | P2: FALSE | Q2: FALSE | R2: FALSE | S2: FALSE | T2: FALSE | U2: FALSE | V2: FALSE | W2: FALSE | X2: FALSE | Y2: FALSE | Z2: FALSE | AA2: FALSE
A3: 46296 | B3: 46299 | C3: CAMP SP | D3: ITAPURA | E3: =IF(F3=1,"Concluída",IF(T3=TRUE,IF(TODAY()>B3,"Pós-viagem","Voucher enviado"),IF(TODAY()>B3,"Atrasada","Em preparação"))) -> Em preparação | F3: =SUMPRODUCT(--(I3:AA3=TRUE))/19 -> 0 | G3: =A3-7 -> 46289 | H3: =IF(T3=TRUE,"",IF(TODAY()>G3,"VOUCHER ATRASADO",IF(TODAY()>=G3-7,"Voucher em "&(G3-TODAY())&" dias",""))) | I3: FALSE | J3: FALSE | K3: FALSE | L3: FALSE | M3: FALSE | N3: FALSE | O3: FALSE | P3: FALSE | Q3: FALSE | R3: FALSE | S3: FALSE | T3: FALSE | U3: FALSE | V3: FALSE | W3: FALSE | X3: FALSE | Y3: FALSE | Z3: FALSE | AA3: FALSE
A4: 46299 | B4: 46302 | C4: CAMP SP | D4: ITAPURA | E4: =IF(F4=1,"Concluída",IF(T4=TRUE,IF(TODAY()>B4,"Pós-viagem","Voucher enviado"),IF(TODAY()>B4,"Atrasada","Em preparação"))) -> Em preparação | F4: =SUMPRODUCT(--(I4:AA4=TRUE))/19 -> 0 | G4: =A4-7 -> 46292 | H4: =IF(T4=TRUE,"",IF(TODAY()>G4,"VOUCHER ATRASADO",IF(TODAY()>=G4-7,"Voucher em "&(G4-TODAY())&" dias",""))) | I4: FALSE | J4: FALSE | K4: FALSE | L4: FALSE | M4: FALSE | N4: FALSE | O4: FALSE | P4: FALSE | Q4: FALSE | R4: FALSE | S4: FALSE | T4: FALSE | U4: FALSE | V4: FALSE | W4: FALSE | X4: FALSE | Y4: FALSE | Z4: FALSE | AA4: FALSE
A5: 46300 | B5: 46303 | C5: MALAI MANSO | D5: MALAI MANSO RESORT | E5: =IF(F5=1,"Concluída",IF(T5=TRUE,IF(TODAY()>B5,"Pós-viagem","Voucher enviado"),IF(TODAY()>B5,"Atrasada","Em preparação"))) -> Em preparação | F5: =SUMPRODUCT(--(I5:AA5=TRUE))/19 -> 0 | G5: =A5-7 -> 46293 | H5: =IF(T5=TRUE,"",IF(TODAY()>G5,"VOUCHER ATRASADO",IF(TODAY()>=G5-7,"Voucher em "&(G5-TODAY())&" dias",""))) | I5: FALSE | J5: FALSE | K5: FALSE | L5: FALSE | M5: FALSE | N5: FALSE | O5: FALSE | P5: FALSE | Q5: FALSE | R5: FALSE | S5: FALSE | T5: FALSE | U5: FALSE | V5: FALSE | W5: FALSE | X5: FALSE | Y5: FALSE | Z5: FALSE | AA5: FALSE
A6: 46300 | B6: 46303 | C6: MED LAKE | D6: MED LAKE PARADISE | E6: =IF(F6=1,"Concluída",IF(T6=TRUE,IF(TODAY()>B6,"Pós-viagem","Voucher enviado"),IF(TODAY()>B6,"Atrasada","Em preparação"))) -> Em preparação | F6: =SUMPRODUCT(--(I6:AA6=TRUE))/19 -> 0 | G6: =A6-7 -> 46293 | H6: =IF(T6=TRUE,"",IF(TODAY()>G6,"VOUCHER ATRASADO",IF(TODAY()>=G6-7,"Voucher em "&(G6-TODAY())&" dias",""))) | I6: FALSE | J6: FALSE | K6: FALSE | L6: FALSE | M6: FALSE | N6: FALSE | O6: FALSE | P6: FALSE | Q6: FALSE | R6: FALSE | S6: FALSE | T6: FALSE | U6: FALSE | V6: FALSE | W6: FALSE | X6: FALSE | Y6: FALSE | Z6: FALSE | AA6: FALSE
A7: 46302 | B7: 46305 | C7: CAMP SP | D7: ITAPURA | E7: =IF(F7=1,"Concluída",IF(T7=TRUE,IF(TODAY()>B7,"Pós-viagem","Voucher enviado"),IF(TODAY()>B7,"Atrasada","Em preparação"))) -> Em preparação | F7: =SUMPRODUCT(--(I7:AA7=TRUE))/19 -> 0 | G7: =A7-7 -> 46295 | H7: =IF(T7=TRUE,"",IF(TODAY()>G7,"VOUCHER ATRASADO",IF(TODAY()>=G7-7,"Voucher em "&(G7-TODAY())&" dias",""))) | I7: FALSE | J7: FALSE | K7: FALSE | L7: FALSE | M7: FALSE | N7: FALSE | O7: FALSE | P7: FALSE | Q7: FALSE | R7: FALSE | S7: FALSE | T7: FALSE | U7: FALSE | V7: FALSE | W7: FALSE | X7: FALSE | Y7: FALSE | Z7: FALSE | AA7: FALSE
A8: 46305 | B8: 46308 | C8: CAMP SP | D8: ITAPURA | E8: =IF(F8=1,"Concluída",IF(T8=TRUE,IF(TODAY()>B8,"Pós-viagem","Voucher enviado"),IF(TODAY()>B8,"Atrasada","Em preparação"))) -> Em preparação | F8: =SUMPRODUCT(--(I8:AA8=TRUE))/19 -> 0 | G8: =A8-7 -> 46298 | H8: =IF(T8=TRUE,"",IF(TODAY()>G8,"VOUCHER ATRASADO",IF(TODAY()>=G8-7,"Voucher em "&(G8-TODAY())&" dias",""))) | I8: FALSE | J8: FALSE | K8: FALSE | L8: FALSE | M8: FALSE | N8: FALSE | O8: FALSE | P8: FALSE | Q8: FALSE | R8: FALSE | S8: FALSE | T8: FALSE | U8: FALSE | V8: FALSE | W8: FALSE | X8: FALSE | Y8: FALSE | Z8: FALSE | AA8: FALSE
A9: 46307 | B9: 46310 | C9: MED LAKE | D9: MED LAKE PARADISE | E9: =IF(F9=1,"Concluída",IF(T9=TRUE,IF(TODAY()>B9,"Pós-viagem","Voucher enviado"),IF(TODAY()>B9,"Atrasada","Em preparação"))) -> Em preparação | F9: =SUMPRODUCT(--(I9:AA9=TRUE))/19 -> 0 | G9: =A9-7 -> 46300 | H9: =IF(T9=TRUE,"",IF(TODAY()>G9,"VOUCHER ATRASADO",IF(TODAY()>=G9-7,"Voucher em "&(G9-TODAY())&" dias",""))) | I9: FALSE | J9: FALSE | K9: FALSE | L9: FALSE | M9: FALSE | N9: FALSE | O9: FALSE | P9: FALSE | Q9: FALSE | R9: FALSE | S9: FALSE | T9: FALSE | U9: FALSE | V9: FALSE | W9: FALSE | X9: FALSE | Y9: FALSE | Z9: FALSE | AA9: FALSE
A10: 46308 | B10: 46311 | C10: CAMP CERRADO | D10: VILA VELUTTI | E10: =IF(F10=1,"Concluída",IF(T10=TRUE,IF(TODAY()>B10,"Pós-viagem","Voucher enviado"),IF(TODAY()>B10,"Atrasada","Em preparação"))) -> Em preparação | F10: =SUMPRODUCT(--(I10:AA10=TRUE))/19 -> 0 | G10: =A10-7 -> 46301 | H10: =IF(T10=TRUE,"",IF(TODAY()>G10,"VOUCHER ATRASADO",IF(TODAY()>=G10-7,"Voucher em "&(G10-TODAY())&" dias",""))) | I10: FALSE | J10: FALSE | K10: FALSE | L10: FALSE | M10: FALSE | N10: FALSE | O10: FALSE | P10: FALSE | Q10: FALSE | R10: FALSE | S10: FALSE | T10: FALSE | U10: FALSE | V10: FALSE | W10: FALSE | X10: FALSE | Y10: FALSE | Z10: FALSE | AA10: FALSE
A11: 46308 | B11: 46311 | C11: CAMP SP | D11: ITAPURA | E11: =IF(F11=1,"Concluída",IF(T11=TRUE,IF(TODAY()>B11,"Pós-viagem","Voucher enviado"),IF(TODAY()>B11,"Atrasada","Em preparação"))) -> Em preparação | F11: =SUMPRODUCT(--(I11:AA11=TRUE))/19 -> 0 | G11: =A11-7 -> 46301 | H11: =IF(T11=TRUE,"",IF(TODAY()>G11,"VOUCHER ATRASADO",IF(TODAY()>=G11-7,"Voucher em "&(G11-TODAY())&" dias",""))) | I11: FALSE | J11: FALSE | K11: FALSE | L11: FALSE | M11: FALSE | N11: FALSE | O11: FALSE | P11: FALSE | Q11: FALSE | R11: FALSE | S11: FALSE | T11: FALSE | U11: FALSE | V11: FALSE | W11: FALSE | X11: FALSE | Y11: FALSE | Z11: FALSE | AA11: FALSE
A12: 46311 | B12: 46314 | C12: CAMP SP | D12: ITAPURA | E12: =IF(F12=1,"Concluída",IF(T12=TRUE,IF(TODAY()>B12,"Pós-viagem","Voucher enviado"),IF(TODAY()>B12,"Atrasada","Em preparação"))) -> Em preparação | F12: =SUMPRODUCT(--(I12:AA12=TRUE))/19 -> 0 | G12: =A12-7 -> 46304 | H12: =IF(T12=TRUE,"",IF(TODAY()>G12,"VOUCHER ATRASADO",IF(TODAY()>=G12-7,"Voucher em "&(G12-TODAY())&" dias",""))) | I12: FALSE | J12: FALSE | K12: FALSE | L12: FALSE | M12: FALSE | N12: FALSE | O12: FALSE | P12: FALSE | Q12: FALSE | R12: FALSE | S12: FALSE | T12: FALSE | U12: FALSE | V12: FALSE | W12: FALSE | X12: FALSE | Y12: FALSE | Z12: FALSE | AA12: FALSE
A13: 46313 | B13: 46316 | C13: FAZZENDA PARK | D13: FAZZENDA PARK RESORT | E13: =IF(F13=1,"Concluída",IF(T13=TRUE,IF(TODAY()>B13,"Pós-viagem","Voucher enviado"),IF(TODAY()>B13,"Atrasada","Em preparação"))) -> Em preparação | F13: =SUMPRODUCT(--(I13:AA13=TRUE))/19 -> 0 | G13: =A13-7 -> 46306 | H13: =IF(T13=TRUE,"",IF(TODAY()>G13,"VOUCHER ATRASADO",IF(TODAY()>=G13-7,"Voucher em "&(G13-TODAY())&" dias",""))) | I13: FALSE | J13: FALSE | K13: FALSE | L13: FALSE | M13: FALSE | N13: FALSE | O13: FALSE | P13: FALSE | Q13: FALSE | R13: FALSE | S13: FALSE | T13: FALSE | U13: FALSE | V13: FALSE | W13: FALSE | X13: FALSE | Y13: FALSE | Z13: FALSE | AA13: FALSE
... A47: 46373 | B47: 46376 | C47: NOVOTEL | D47: NOVOTEL ITU | E47: =IF(F47=1,"Concluída",IF(T47=TRUE,IF(TODAY()>B47,"Pós-viagem","Voucher enviado"),IF(TODAY()>B47,"Atrasada","Em preparação"))) -> Em preparação | F47: =SUMPRODUCT(--(I47:AA47=TRUE))/19 -> 0 | G47: =A47-7 -> 46366 | H47: =IF(T47=TRUE,"",IF(TODAY()>G47,"VOUCHER ATRASADO",IF(TODAY()>=G47-7,"Voucher em "&(G47-TODAY())&" dias",""))) | I47: FALSE | J47: FALSE | K47: FALSE | L47: FALSE | M47: FALSE | N47: FALSE | O47: FALSE | P47: FALSE | Q47: FALSE | R47: FALSE | S47: FALSE | T47: FALSE | U47: FALSE | V47: FALSE | W47: FALSE | X47: FALSE | Y47: FALSE | Z47: FALSE | AA47: FALSE

Sheet PAINEL
A1: Painel da operação
A2: Tudo aqui se calcula sozinho a partir da aba OPERAÇÕES. Não digite nada nesta aba.
A4: Operações no calendário | C4: Voucher atrasado | E4: Voucher vence em 7 dias | G4: Checklist completo
A5: =COUNTA(OPERAÇÕES!C2:C47) -> 46 | C5: =COUNTIF(OPERAÇÕES!H2:H47,"VOUCHER ATRASADO") -> 0 | E5: =COUNTIF(OPERAÇÕES!H2:H47,"Voucher em*") -> 0 | G5: =COUNTIF(OPERAÇÕES!E2:E47,"Concluída") -> 0
A7: Progresso por operação | H7: Onde o time está parado
A8: OPERAÇÃO | B8: PERÍODO | C8: PROGRESSO | D8: % | E8: STATUS | F8: ALERTA | H8: ETAPA | I8: FASE | J8: FEITAS | K8: FALTAM
A9: =OPERAÇÕES!C2 -> ALEXÂNIA | B9: =TEXT(OPERAÇÕES!A2,"DD/MM")&" a "&TEXT(OPERAÇÕES!B2,"DD/MM") -> 29/09 a 02/10 | C9: =REPT("■",ROUND(OPERAÇÕES!F2*20,0))&REPT("·",20-ROUND(OPERAÇÕES!F2*20,0)) -> ···················· | D9: =OPERAÇÕES!F2 -> 0 | E9: =OPERAÇÕES!E2 -> Em preparação | F9: =OPERAÇÕES!H2 | H9: Conferência de cadastro | I9: Pré-voucher | J9: =SUMPRODUCT(--(OPERAÇÕES!I2:I47=TRUE)) -> 0 | K9: =COUNTA(OPERAÇÕES!$C$2:$C$47)-J9 -> 46
A10: =OPERAÇÕES!C3 -> CAMP SP | B10: =TEXT(OPERAÇÕES!A3,"DD/MM")&" a "&TEXT(OPERAÇÕES!B3,"DD/MM") -> 01/10 a 04/10 | C10: =REPT("■",ROUND(OPERAÇÕES!F3*20,0))&REPT("·",20-ROUND(OPERAÇÕES!F3*20,0)) -> ···················· | D10: =OPERAÇÕES!F3 -> 0 | E10: =OPERAÇÕES!E3 -> Em preparação | F10: =OPERAÇÕES!H3 | H10: Ficha técnica solicitada | I10: Pré-voucher | J10: =SUMPRODUCT(--(OPERAÇÕES!J2:J47=TRUE)) -> 0 | K10: =COUNTA(OPERAÇÕES!$C$2:$C$47)-J10 -> 46
A11: =OPERAÇÕES!C4 -> CAMP SP | B11: =TEXT(OPERAÇÕES!A4,"DD/MM")&" a "&TEXT(OPERAÇÕES!B4,"DD/MM") -> 04/10 a 07/10 | C11: =REPT("■",ROUND(OPERAÇÕES!F4*20,0))&REPT("·",20-ROUND(OPERAÇÕES!F4*20,0)) -> ···················· | D11: =OPERAÇÕES!F4 -> 0 | E11: =OPERAÇÕES!E4 -> Em preparação | F11: =OPERAÇÕES!H4 | H11: Ficha técnica respondida | I11: Pré-voucher | J11: =SUMPRODUCT(--(OPERAÇÕES!K2:K47=TRUE)) -> 0 | K11: =COUNTA(OPERAÇÕES!$C$2:$C$47)-J11 -> 46
A12: =OPERAÇÕES!C5 -> MALAI MANSO | B12: =TEXT(OPERAÇÕES!A5,"DD/MM")&" a "&TEXT(OPERAÇÕES!B5,"DD/MM") -> 05/10 a 08/10 | C12: =REPT("■",ROUND(OPERAÇÕES!F5*20,0))&REPT("·",20-ROUND(OPERAÇÕES!F5*20,0)) -> ···················· | D12: =OPERAÇÕES!F5 -> 0 | E12: =OPERAÇÕES!E5 -> Em preparação | F12: =OPERAÇÕES!H5 | H12: Mapa de quartos conferido | I12: Pré-voucher | J12: =SUMPRODUCT(--(OPERAÇÕES!L2:L47=TRUE)) -> 0 | K12: =COUNTA(OPERAÇÕES!$C$2:$C$47)-J12 -> 46
A13: =OPERAÇÕES!C6 -> MED LAKE | B13: =TEXT(OPERAÇÕES!A6,"DD/MM")&" a "&TEXT(OPERAÇÕES!B6,"DD/MM") -> 05/10 a 08/10 | C13: =REPT("■",ROUND(OPERAÇÕES!F6*20,0))&REPT("·",20-ROUND(OPERAÇÕES!F6*20,0)) -> ···················· | D13: =OPERAÇÕES!F6 -> 0 | E13: =OPERAÇÕES!E6 -> Em preparação | F13: =OPERAÇÕES!H6 | H13: Cardápio recebido | I13: Pré-voucher | J13: =SUMPRODUCT(--(OPERAÇÕES!M2:M47=TRUE)) -> 0 | K13: =COUNTA(OPERAÇÕES!$C$2:$C$47)-J13 -> 46
A14: =OPERAÇÕES!C7 -> CAMP SP | B14: =TEXT(OPERAÇÕES!A7,"DD/MM")&" a "&TEXT(OPERAÇÕES!B7,"DD/MM") -> 07/10 a 10/10 | C14: =REPT("■",ROUND(OPERAÇÕES!F7*20,0))&REPT("·",20-ROUND(OPERAÇÕES!F7*20,0)) -> ···················· | D14: =OPERAÇÕES!F7 -> 0 | E14: =OPERAÇÕES!E7 -> Em preparação | F14: =OPERAÇÕES!H7 | H14: Hosp. de equipe antes | I14: Pré-voucher | J14: =SUMPRODUCT(--(OPERAÇÕES!N2:N47=TRUE)) -> 0 | K14: =COUNTA(OPERAÇÕES!$C$2:$C$47)-J14 -> 46
A15: =OPERAÇÕES!C8 -> CAMP SP | B15: =TEXT(OPERAÇÕES!A8,"DD/MM")&" a "&TEXT(OPERAÇÕES!B8,"DD/MM") -> 10/10 a 13/10 | C15: =REPT("■",ROUND(OPERAÇÕES!F8*20,0))&REPT("·",20-ROUND(OPERAÇÕES!F8*20,0)) -> ···················· | D15: =OPERAÇÕES!F8 -> 0 | E15: =OPERAÇÕES!E8 -> Em preparação | F15: =OPERAÇÕES!H8 | H15: Casos da saúde | I15: Pré-voucher | J15: =SUMPRODUCT(--(OPERAÇÕES!O2:O47=TRUE)) -> 0 | K15: =COUNTA(OPERAÇÕES!$C$2:$C$47)-J15 -> 46
A16: =OPERAÇÕES!C9 -> MED LAKE | B16: =TEXT(OPERAÇÕES!A9,"DD/MM")&" a "&TEXT(OPERAÇÕES!B9,"DD/MM") -> 12/10 a 15/10 | C16: =REPT("■",ROUND(OPERAÇÕES!F9*20,0))&REPT("·",20-ROUND(OPERAÇÕES!F9*20,0)) -> ···················· | D16: =OPERAÇÕES!F9 -> 0 | E16: =OPERAÇÕES!E9 -> Em preparação | F16: =OPERAÇÕES!H9 | H16: Room list liberado | I16: Pré-voucher | J16: =SUMPRODUCT(--(OPERAÇÕES!P2:P47=TRUE)) -> 0 | K16: =COUNTA(OPERAÇÕES!$C$2:$C$47)-J16 -> 46
A17: =OPERAÇÕES!C10 -> CAMP CERRADO | B17: =TEXT(OPERAÇÕES!A10,"DD/MM")&" a "&TEXT(OPERAÇÕES!B10,"DD/MM") -> 13/10 a 16/10 | C17: =REPT("■",ROUND(OPERAÇÕES!F10*20,0))&REPT("·",20-ROUND(OPERAÇÕES!F10*20,0)) -> ···················· | D17: =OPERAÇÕES!F10 -> 0 | E17: =OPERAÇÕES!E10 -> Em preparação | F17: =OPERAÇÕES!H10 | H17: Template comissão | I17: Pré-voucher | J17: =SUMPRODUCT(--(OPERAÇÕES!Q2:Q47=TRUE)) -> 0 | K17: =COUNTA(OPERAÇÕES!$C$2:$C$47)-J17 -> 46
A18: =OPERAÇÕES!C11 -> CAMP SP | B18: =TEXT(OPERAÇÕES!A11,"DD/MM")&" a "&TEXT(OPERAÇÕES!B11,"DD/MM") -> 13/10 a 16/10 | C18: =REPT("■",ROUND(OPERAÇÕES!F11*20,0))&REPT("·",20-ROUND(OPERAÇÕES!F11*20,0)) -> ···················· | D18: =OPERAÇÕES!F11 -> 0 | E18: =OPERAÇÕES!E11 -> Em preparação | F18: =OPERAÇÕES!H11 | H18: Logística dos transportes | I18: Pré-voucher | J18: =SUMPRODUCT(--(OPERAÇÕES!R2:R47=TRUE)) -> 0 | K18: =COUNTA(OPERAÇÕES!$C$2:$C$47)-J18 -> 46
A19: =OPERAÇÕES!C12 -> CAMP SP | B19: =TEXT(OPERAÇÕES!A12,"DD/MM")&" a "&TEXT(OPERAÇÕES!B12,"DD/MM") -> 16/10 a 19/10 | C19: =REPT("■",ROUND(OPERAÇÕES!F12*20,0))&REPT("·",20-ROUND(OPERAÇÕES!F12*20,0)) -> ···················· | D19: =OPERAÇÕES!F12 -> 0 | E19: =OPERAÇÕES!E12 -> Em preparação | F19: =OPERAÇÕES!H12 | H19: Cadastro dos transportes | I19: Pré-voucher | J19: =SUMPRODUCT(--(OPERAÇÕES!S2:S47=TRUE)) -> 0 | K19: =COUNTA(OPERAÇÕES!$C$2:$C$47)-J19 -> 46
A20: =OPERAÇÕES!C13 -> FAZZENDA PARK | B20: =TEXT(OPERAÇÕES!A13,"DD/MM")&" a "&TEXT(OPERAÇÕES!B13,"DD/MM") -> 18/10 a 21/10 | C20: =REPT("■",ROUND(OPERAÇÕES!F13*20,0))&REPT("·",20-ROUND(OPERAÇÕES!F13*20,0)) -> ···················· | D20: =OPERAÇÕES!F13 -> 0 | E20: =OPERAÇÕES!E13 -> Em preparação | F20: =OPERAÇÕES!H13 | H20: Voucher | I20: Pré-voucher | J20: =SUMPRODUCT(--(OPERAÇÕES!T2:T47=TRUE)) -> 0 | K20: =COUNTA(OPERAÇÕES!$C$2:$C$47)-J20 -> 46
A21: =OPERAÇÕES!C14 -> CAMP SP | B21: =TEXT(OPERAÇÕES!A14,"DD/MM")&" a "&TEXT(OPERAÇÕES!B14,"DD/MM") -> 19/10 a 22/10 | C21: =REPT("■",ROUND(OPERAÇÕES!F14*20,0))&REPT("·",20-ROUND(OPERAÇÕES!F14*20,0)) -> ···················· | D21: =OPERAÇÕES!F14 -> 0 | E21: =OPERAÇÕES!E14 -> Em preparação | F21: =OPERAÇÕES!H14 | H21: Envio das listas de transp. | I21: Pós-voucher | J21: =SUMPRODUCT(--(OPERAÇÕES!U2:U47=TRUE)) -> 0 | K21: =COUNTA(OPERAÇÕES!$C$2:$C$47)-J21 -> 46
A22: =OPERAÇÕES!C15 -> CAMP SP | B22: =TEXT(OPERAÇÕES!A15,"DD/MM")&" a "&TEXT(OPERAÇÕES!B15,"DD/MM") -> 22/10 a 25/10 | C22: =REPT("■",ROUND(OPERAÇÕES!F15*20,0))&REPT("·",20-ROUND(OPERAÇÕES!F15*20,0)) -> ···················· | D22: =OPERAÇÕES!F15 -> 0 | E22: =OPERAÇÕES!E15 -> Em preparação | F22: =OPERAÇÕES!H15 | H22: Manutenção room list | I22: Pós-voucher | J22: =SUMPRODUCT(--(OPERAÇÕES!V2:V47=TRUE)) -> 0 | K22: =COUNTA(OPERAÇÕES!$C$2:$C$47)-J22 -> 46
A23: =OPERAÇÕES!C16 -> NOVOTEL | B23: =TEXT(OPERAÇÕES!A16,"DD/MM")&" a "&TEXT(OPERAÇÕES!B16,"DD/MM") -> 22/10 a 25/10 | C23: =REPT("■",ROUND(OPERAÇÕES!F16*20,0))&REPT("·",20-ROUND(OPERAÇÕES!F16*20,0)) -> ···················· | D23: =OPERAÇÕES!F16 -> 0 | E23: =OPERAÇÕES!E16 -> Em preparação | F23: =OPERAÇÕES!H16 | H23: Rooming PRFs | I23: Pós-voucher | J23: =SUMPRODUCT(--(OPERAÇÕES!W2:W47=TRUE)) -> 0 | K23: =COUNTA(OPERAÇÕES!$C$2:$C$47)-J23 -> 46
A24: =OPERAÇÕES!C17 -> NOVOTEL | B24: =TEXT(OPERAÇÕES!A17,"DD/MM")&" a "&TEXT(OPERAÇÕES!B17,"DD/MM") -> 25/10 a 28/10 | C24: =REPT("■",ROUND(OPERAÇÕES!F17*20,0))&REPT("·",20-ROUND(OPERAÇÕES!F17*20,0)) -> ···················· | D24: =OPERAÇÕES!F17 -> 0 | E24: =OPERAÇÕES!E17 -> Em preparação | F24: =OPERAÇÕES!H17 | H24: Rooming extras | I24: Pós-voucher | J24: =SUMPRODUCT(--(OPERAÇÕES!X2:X47=TRUE)) -> 0 | K24: =COUNTA(OPERAÇÕES!$C$2:$C$47)-J24 -> 46
A25: =OPERAÇÕES!C18 -> CAETÉ | B25: =TEXT(OPERAÇÕES!A18,"DD/MM")&" a "&TEXT(OPERAÇÕES!B18,"DD/MM") -> 26/10 a 29/10 | C25: =REPT("■",ROUND(OPERAÇÕES!F18*20,0))&REPT("·",20-ROUND(OPERAÇÕES!F18*20,0)) -> ···················· | D25: =OPERAÇÕES!F18 -> 0 | E25: =OPERAÇÕES!E18 -> Em preparação | F25: =OPERAÇÕES!H18 | H25: Enviado para o hotel | I25: Pós-voucher | J25: =SUMPRODUCT(--(OPERAÇÕES!Y2:Y47=TRUE)) -> 0 | K25: =COUNTA(OPERAÇÕES!$C$2:$C$47)-J25 -> 46
A26: =OPERAÇÕES!C19 -> FORFUN SP | B26: =TEXT(OPERAÇÕES!A19,"DD/MM")&" a "&TEXT(OPERAÇÕES!B19,"DD/MM") -> 27/10 a 29/10 | C26: =REPT("■",ROUND(OPERAÇÕES!F19*20,0))&REPT("·",20-ROUND(OPERAÇÕES!F19*20,0)) -> ···················· | D26: =OPERAÇÕES!F19 -> 0 | E26: =OPERAÇÕES!E19 -> Em preparação | F26: =OPERAÇÕES!H19 | H26: No show | I26: Pós-voucher | J26: =SUMPRODUCT(--(OPERAÇÕES!Z2:Z47=TRUE)) -> 0 | K26: =COUNTA(OPERAÇÕES!$C$2:$C$47)-J26 -> 46
A27: =OPERAÇÕES!C20 -> FORFUN SP | B27: =TEXT(OPERAÇÕES!A20,"DD/MM")&" a "&TEXT(OPERAÇÕES!B20,"DD/MM") -> 29/10 a 31/10 | C27: =REPT("■",ROUND(OPERAÇÕES!F20*20,0))&REPT("·",20-ROUND(OPERAÇÕES!F20*20,0)) -> ···················· | D27: =OPERAÇÕES!F20 -> 0 | E27: =OPERAÇÕES!E20 -> Em preparação | F27: =OPERAÇÕES!H20 | H27: Fechamento | I27: Pós-voucher | J27: =SUMPRODUCT(--(OPERAÇÕES!AA2:AA47=TRUE)) -> 0 | K27: =COUNTA(OPERAÇÕES!$C$2:$C$47)-J27 -> 46
A28: =OPERAÇÕES!C21 -> FORFUN SP | B28: =TEXT(OPERAÇÕES!A21,"DD/MM")&" a "&TEXT(OPERAÇÕES!B21,"DD/MM") -> 31/10 a 02/11 | C28: =REPT("■",ROUND(OPERAÇÕES!F21*20,0))&REPT("·",20-ROUND(OPERAÇÕES!F21*20,0)) -> ···················· | D28: =OPERAÇÕES!F21 -> 0 | E28: =OPERAÇÕES!E21 -> Em preparação | F28: =OPERAÇÕES!H21
A29: =OPERAÇÕES!C22 -> CAMP SP | B29: =TEXT(OPERAÇÕES!A22,"DD/MM")&" a "&TEXT(OPERAÇÕES!B22,"DD/MM") -> 02/11 a 05/11 | C29: =REPT("■",ROUND(OPERAÇÕES!F22*20,0))&REPT("·",20-ROUND(OPERAÇÕES!F22*20,0)) -> ···················· | D29: =OPERAÇÕES!F22 -> 0 | E29: =OPERAÇÕES!E22 -> Em preparação | F29: =OPERAÇÕES!H22
A30: =OPERAÇÕES!C23 -> BEACH PARK | B30: =TEXT(OPERAÇÕES!A23,"DD/MM")&" a "&TEXT(OPERAÇÕES!B23,"DD/MM") -> 03/11 a 06/11 | C30: =REPT("■",ROUND(OPERAÇÕES!F23*20,0))&REPT("·",20-ROUND(OPERAÇÕES!F23*20,0)) -> ···················· | D30: =OPERAÇÕES!F23 -> 0 | E30: =OPERAÇÕES!E23 -> Em preparação | F30: =OPERAÇÕES!H23
A31: =OPERAÇÕES!C24 -> VG ANGRA | B31: =TEXT(OPERAÇÕES!A24,"DD/MM")&" a "&TEXT(OPERAÇÕES!B24,"DD/MM") -> 03/11 a 06/11 | C31: =REPT("■",ROUND(OPERAÇÕES!F24*20,0))&REPT("·",20-ROUND(OPERAÇÕES!F24*20,0)) -> ···················· | D31: =OPERAÇÕES!F24 -> 0 | E31: =OPERAÇÕES!E24 -> Em preparação | F31: =OPERAÇÕES!H24
A32: =OPERAÇÕES!C25 -> CAMP SP | B32: =TEXT(OPERAÇÕES!A25,"DD/MM")&" a "&TEXT(OPERAÇÕES!B25,"DD/MM") -> 05/11 a 08/11 | C32: =REPT("■",ROUND(OPERAÇÕES!F25*20,0))&REPT("·",20-ROUND(OPERAÇÕES!F25*20,0)) -> ···················· | D32: =OPERAÇÕES!F25 -> 0 | E32: =OPERAÇÕES!E25 -> Em preparação | F32: =OPERAÇÕES!H25
A33: =OPERAÇÕES!C26 -> BEACH PARK | B33: =TEXT(OPERAÇÕES!A26,"DD/MM")&" a "&TEXT(OPERAÇÕES!B26,"DD/MM") -> 06/11 a 09/11 | C33: =REPT("■",ROUND(OPERAÇÕES!F26*20,0))&REPT("·",20-ROUND(OPERAÇÕES!F26*20,0)) -> ···················· | D33: =OPERAÇÕES!F26 -> 0 | E33: =OPERAÇÕES!E26 -> Em preparação | F33: =OPERAÇÕES!H26
A34: =OPERAÇÕES!C27 -> CAMP SP | B34: =TEXT(OPERAÇÕES!A27,"DD/MM")&" a "&TEXT(OPERAÇÕES!B27,"DD/MM") -> 08/11 a 11/11 | C34: =REPT("■",ROUND(OPERAÇÕES!F27*20,0))&REPT("·",20-ROUND(OPERAÇÕES!F27*20,0)) -> ···················· | D34: =OPERAÇÕES!F27 -> 0 | E34: =OPERAÇÕES!E27 -> Em preparação | F34: =OPERAÇÕES!H27
A35: =OPERAÇÕES!C28 -> PRATAGY | B35: =TEXT(OPERAÇÕES!A28,"DD/MM")&" a "&TEXT(OPERAÇÕES!B28,"DD/MM") -> 10/11 a 13/11 | C35: =REPT("■",ROUND(OPERAÇÕES!F28*20,0))&REPT("·",20-ROUND(OPERAÇÕES!F28*20,0)) -> ···················· | D35: =OPERAÇÕES!F28 -> 0 | E35: =OPERAÇÕES!E28 -> Em preparação | F35: =OPERAÇÕES!H28
A36: =OPERAÇÕES!C29 -> CAMP SP | B36: =TEXT(OPERAÇÕES!A29,"DD/MM")&" a "&TEXT(OPERAÇÕES!B29,"DD/MM") -> 11/11 a 14/11 | C36: =REPT("■",ROUND(OPERAÇÕES!F29*20,0))&REPT("·",20-ROUND(OPERAÇÕES!F29*20,0)) -> ···················· | D36: =OPERAÇÕES!F29 -> 0 | E36: =OPERAÇÕES!E29 -> Em preparação | F36: =OPERAÇÕES!H29
A37: =OPERAÇÕES!C30 -> CAMP SP | B37: =TEXT(OPERAÇÕES!A30,"DD/MM")&" a "&TEXT(OPERAÇÕES!B30,"DD/MM") -> 14/11 a 17/11 | C37: =REPT("■",ROUND(OPERAÇÕES!F30*20,0))&REPT("·",20-ROUND(OPERAÇÕES!F30*20,0)) -> ···················· | D37: =OPERAÇÕES!F30 -> 0 | E37: =OPERAÇÕES!E30 -> Em preparação | F37: =OPERAÇÕES!H30
A38: =OPERAÇÕES!C31 -> CAMP SUL | B38: =TEXT(OPERAÇÕES!A31,"DD/MM")&" a "&TEXT(OPERAÇÕES!B31,"DD/MM") -> 23/11 a 25/11 | C38: =REPT("■",ROUND(OPERAÇÕES!F31*20,0))&REPT("·",20-ROUND(OPERAÇÕES!F31*20,0)) -> ···················· | D38: =OPERAÇÕES!F31 -> 0 | E38: =OPERAÇÕES!E31 -> Em preparação | F38: =OPERAÇÕES!H31
A39: =OPERAÇÕES!C32 -> LE CANTON | B39: =TEXT(OPERAÇÕES!A32,"DD/MM")&" a "&TEXT(OPERAÇÕES!B32,"DD/MM") -> 23/11 a 25/11 | C39: =REPT("■",ROUND(OPERAÇÕES!F32*20,0))&REPT("·",20-ROUND(OPERAÇÕES!F32*20,0)) -> ···················· | D39: =OPERAÇÕES!F32 -> 0 | E39: =OPERAÇÕES!E32 -> Em preparação | F39: =OPERAÇÕES!H32
... A54: =OPERAÇÕES!C47 -> NOVOTEL | B54: =TEXT(OPERAÇÕES!A47,"DD/MM")&" a "&TEXT(OPERAÇÕES!B47,"DD/MM") -> 17/12 a 20/12 | C54: =REPT("■",ROUND(OPERAÇÕES!F47*20,0))&REPT("·",20-ROUND(OPERAÇÕES!F47*20,0)) -> ···················· | D54: =OPERAÇÕES!F47 -> 0 | E54: =OPERAÇÕES!E47 -> Em preparação | F54: =OPERAÇÕES!H47

Sheet ETAPAS
A1: As etapas do processo
A2: Referência. A ordem aqui é a ordem das colunas na aba OPERAÇÕES.
A4: # | B4: ETAPA | C4: FASE | D4: PRAZO
A5: 1 | B5: Conferência de cadastro | C5: Pré-voucher | D5: sem prazo definido
A6: 2 | B6: Ficha técnica solicitada | C6: Pré-voucher | D6: sem prazo definido
A7: 3 | B7: Ficha técnica respondida | C7: Pré-voucher | D7: sem prazo definido
A8: 4 | B8: Mapa de quartos conferido | C8: Pré-voucher | D8: sem prazo definido
A9: 5 | B9: Cardápio recebido | C9: Pré-voucher | D9: sem prazo definido
A10: 6 | B10: Hosp. de equipe antes | C10: Pré-voucher | D10: sem prazo definido
A11: 7 | B11: Casos da saúde | C11: Pré-voucher | D11: sem prazo definido
A12: 8 | B12: Room list liberado | C12: Pré-voucher | D12: sem prazo definido
A13: 9 | B13: Template comissão | C13: Pré-voucher | D13: sem prazo definido
A14: 10 | B14: Logística dos transportes | C14: Pré-voucher | D14: sem prazo definido
A15: 11 | B15: Cadastro dos transportes | C15: Pré-voucher | D15: sem prazo definido
A16: 12 | B16: Voucher | C16: Pré-voucher | D16: 7 dias antes da viagem
... A23: 19 | B23: Fechamento | C23: Pós-voucher | D23: sem prazo definido

Sheet COMO USAR
A1: Como usar esta planilha
A3: O que você preenche
A4: Só as caixinhas das 19 etapas, na aba OPERAÇÕES — as colunas com o nome girado.
A5: Marque quando a tarefa estiver de fato pronta. Qualquer pessoa da equipe pode marcar.
A7: O que se calcula sozinho
A8: STATUS, % PRONTO, VOUCHER ATÉ e ALERTA. Não digite nada nessas quatro colunas.
A9: A aba PAINEL inteira. Ela lê a aba OPERAÇÕES e se atualiza a cada caixa marcada.
A11: O alerta do voucher
A12: VOUCHER ATÉ é a data de início menos 7 dias — a regra de uma semana antes.
A13: ALERTA fica amarelo na semana que antecede o prazo e vermelho quando passa dele.
A14: Marcou a caixa do Voucher, o alerta some sozinho.
A16: Operação nova
... A27: A planilha original não trazia o ano. Foi assumido 2026 nas 46 operações importadas.
